Frontier_Class,Count_v1,Count_v3,Share_v3
热点,39,32,0.20382165605095542
新兴,4,21,0.1337579617834395
潜在,0,10,0.06369426751592357
衰退,61,32,0.20382165605095542
一般,53,62,0.39490445859872614
